{"epoch": [1, 2, 3, 4, 5, 6, 7, 8, 9, 10, 11, 12, 13, 14, 15, 16, 17, 18, 19, 20], "train_loss": [1.5012614615261555, 1.4113369174301624, 1.3914942033588886, 1.3780378177762032, 1.3653016537427902, 1.3493689186871052, 1.3322080299258232, 1.314154788851738, 1.2968948669731617, 1.282264743000269, 1.2688164189457893, 1.2562111020088196, 1.2455026395618916, 1.2339822463691235, 1.221903957426548, 1.2112172357738018, 1.2014533802866936, 1.1910551264882088, 1.179637297987938, 1.170801267027855], "train_accuracy": [0.2493, 0.2685, 0.2999, 0.3215, 0.351, 0.4028, 0.4246, 0.4423, 0.4542, 0.4666, 0.4796, 0.4878, 0.4881, 0.498, 0.5047, 0.5044, 0.5055, 0.5123, 0.5189, 0.5249]}